Workbook

Sheet README
A1: Plantilla SGSI – Controles ISO/IEC 27001:2022 (93 controles)
A3: Uso:
A4: 1) Complete en 'Controles' el estado, SoA, evidencias, responsable y riesgos.
A5: 2) Registre riesgos en 'Riesgos' y vincule el ID al control (Riesgo principal).
A6: 3) Revise 'Dashboard' para ver porcentajes por dominio y alertas.
A8: Listas desplegables:
A9: - Estado: Implementado / En proceso / No implementado / No aplicable
A11: Referencias (URLs):
A12: ISO/IEC 27001:2022: https://www.iso.org/standard/27001
A13: ISO/IEC 27002:2022: https://www.iso.org/standard/75652.html

Sheet Controles
A1: Dominio | B1: Dominio (calc) | C1: Categoría | D1: Código | E1: Control (paráfrasis) | F1: Descripción (detalle) | G1: Actividad para cumplir | H1: Aplicable (Sí/No) | I1: Estado | J1: Justificación (SoA) | K1: Evidencias (enlaces/rutas) | L1: Responsable | M1: Riesgo principal (ID) | N1: Nivel de riesgo (lookup) | O1: Fecha objetivo | P1: Última revisión | Q1: Progreso % | R1: Alerta | S1: Notas
A2: A.5 | B2: DOM_A5 | C2: Organizacionales | D2: A.5.1 | E2: Política global y políticas temáticas de SI | F2: Define y mantiene la política de seguridad de la información y políticas temáticas; deben ser aprobadas, comunicadas, reconocidas y revisadas periódicamente. | G2: • Redactar política SGSI y políticas por tema • aprobar en alta dirección • publicar en repositorio oficial • comunicar y obtener acuse del personal • revisar al menos anual y ante cambios • gestionar excepciones. | H2: =IF($I2="No aplicable","No","Sí") | I2: Implementado | J2: Política aprobada por alta dirección; revisiones anuales y ante cambios. | K2: Doc: Política_SI_v1.2.pdf; Registro de comunicación; control de versiones. | L2: CISO | M2: R-002 | N2: =IFERROR(VLOOKUP($M2,Riesgos!$A$2:$E$200,5,FALSE),"") | O2: 46053 | P2: 46006 | Q2: 1 | R2: =IF($H2<>"Sí","",IF($I2="No implementado",IF(OR($N2="Muy alto",$N2="Alto"),"ALERTA ALTA","ALERTA"),IF(AND($I2="En proceso",OR($N2="Muy alto",$N2="Alto")),"EN PROCESO (riesgo alto)","")))
A3: A.5 | B3: DOM_A5 | C3: Organizacionales | D3: A.5.2 | E3: Roles y responsabilidades de SI | F3: Define y asigna roles, responsabilidades y autoridades de seguridad de la información de forma clara y entendible dentro de la organización. | G3: • Mapear funciones (RACI) • nombrar responsables por procesos/activos/riesgos • documentar responsabilidades y niveles de autorización • comunicar a cada rol • asegurar competencia/formación • revisar tras cambios organizacionales. | H3: =IF($I3="No aplicable","No","Sí") | N3: =IFERROR(VLOOKUP($M3,Riesgos!$A$2:$E$200,5,FALSE),"") | R3: =IF($H3<>"Sí","",IF($I3="No implementado",IF(OR($N3="Muy alto",$N3="Alto"),"ALERTA ALTA","ALERTA"),IF(AND($I3="En proceso",OR($N3="Muy alto",$N3="Alto")),"EN PROCESO (riesgo alto)","")))
A4: A.5 | B4: DOM_A5 | C4: Organizacionales | D4: A.5.3 | E4: Separación de funciones (segregación) | F4: Separa funciones y áreas de responsabilidad en conflicto para reducir fraude, error o elusión de controles. | G4: • Identificar actividades incompatibles (aprobar/ejecutar, solicitar/otorgar accesos, desarrollar/poner en prod) • diseñar segregación • configurar RBAC/PAM • aplicar revisiones independientes • definir controles compensatorios (logs/monitoreo) donde no sea posible segregar. | H4: =IF($I4="No aplicable","No","Sí") | N4: =IFERROR(VLOOKUP($M4,Riesgos!$A$2:$E$200,5,FALSE),"") | R4: =IF($H4<>"Sí","",IF($I4="No implementado",IF(OR($N4="Muy alto",$N4="Alto"),"ALERTA ALTA","ALERTA"),IF(AND($I4="En proceso",OR($N4="Muy alto",$N4="Alto")),"EN PROCESO (riesgo alto)","")))
A5: A.5 | B5: DOM_A5 | C5: Organizacionales | D5: A.5.4 | E5: Responsabilidades de la gestión en SI | F5: La dirección impulsa el cumplimiento de políticas y procedimientos de seguridad; asegura que el personal conoce y aplica sus responsabilidades. | G5: • Incluir seguridad en objetivos de gestión • exigir cumplimiento (onboarding antes de acceso) • proveer recursos y tiempo • asegurar capacitación continua • establecer canal confidencial de reportes • revisar cumplimiento y aplicar acciones correctivas. | H5: =IF($I5="No aplicable","No","Sí") | N5: =IFERROR(VLOOKUP($M5,Riesgos!$A$2:$E$200,5,FALSE),"") | R5: =IF($H5<>"Sí","",IF($I5="No implementado",IF(OR($N5="Muy alto",$N5="Alto"),"ALERTA ALTA","ALERTA"),IF(AND($I5="En proceso",OR($N5="Muy alto",$N5="Alto")),"EN PROCESO (riesgo alto)","")))
A6: A.5 | B6: DOM_A5 | C6: Organizacionales | D6: A.5.5 | E6: Contacto y coordinación con autoridades | F6: Establece y mantiene contactos con autoridades relevantes (regulatorias, supervisión, fuerzas de orden, servicios críticos) para incidentes y continuidad. | G6: • Identificar autoridades aplicables • mantener lista de contactos y criterios de activación • definir responsables de contacto • establecer procedimientos de notificación • probar el mecanismo (simulacros) • revisar contactos periódicamente. | H6: =IF($I6="No aplicable","No","Sí") | N6: =IFERROR(VLOOKUP($M6,Riesgos!$A$2:$E$200,5,FALSE),"") | R6: =IF($H6<>"Sí","",IF($I6="No implementado",IF(OR($N6="Muy alto",$N6="Alto"),"ALERTA ALTA","ALERTA"),IF(AND($I6="En proceso",OR($N6="Muy alto",$N6="Alto")),"EN PROCESO (riesgo alto)","")))
A7: A.5 | B7: DOM_A5 | C7: Organizacionales | D7: A.5.6 | E7: Vínculo con grupos/foros especializados | F7: Mantiene contacto con foros y grupos especializados para compartir buenas prácticas y recibir alertas tempranas de amenazas/vulnerabilidades. | G7: • Seleccionar foros sectoriales/CERT/ISAC • suscribir alertas • definir proceso de distribución interna • participar en sesiones • registrar aprendizajes • revisar utilidad y cobertura periódicamente. | H7: =IF($I7="No aplicable","No","Sí") | N7: =IFERROR(VLOOKUP($M7,Riesgos!$A$2:$E$200,5,FALSE),"") | R7: =IF($H7<>"Sí","",IF($I7="No implementado",IF(OR($N7="Muy alto",$N7="Alto"),"ALERTA ALTA","ALERTA"),IF(AND($I7="En proceso",OR($N7="Muy alto",$N7="Alto")),"EN PROCESO (riesgo alto)","")))
A8: A.5 | B8: DOM_A5 | C8: Organizacionales | D8: A.5.7 | E8: Inteligencia de amenazas (recopilar/analizar) | F8: Recopila y analiza información de amenazas para producir inteligencia accionable y apoyar decisiones de riesgo y controles. | G8: • Definir objetivos de threat intel • seleccionar fuentes (internas/externas) • recolectar y procesar datos • analizar (estratégico/táctico/operativo) • integrar resultados en gestión de riesgos y controles • comunicar a responsables y registrar acciones. | H8: =IF($I8="No aplicable","No","Sí") | N8: =IFERROR(VLOOKUP($M8,Riesgos!$A$2:$E$200,5,FALSE),"") | R8: =IF($H8<>"Sí","",IF($I8="No implementado",IF(OR($N8="Muy alto",$N8="Alto"),"ALERTA ALTA","ALERTA"),IF(AND($I8="En proceso",OR($N8="Muy alto",$N8="Alto")),"EN PROCESO (riesgo alto)","")))
A9: A.5 | B9: DOM_A5 | C9: Organizacionales | D9: A.5.8 | E9: SI integrada en la gestión de proyectos | F9: Integra seguridad de la información en la gestión de proyectos y en los entregables durante todo el ciclo de vida. | G9: • Incluir checklist de seguridad en metodología • ejecutar evaluación de riesgos del proyecto y del producto • definir requisitos de seguridad • incorporar gates/revisiones • asignar roles de seguridad del proyecto • validar controles en pruebas y aceptación. | H9: =IF($I9="No aplicable","No","Sí") | N9: =IFERROR(VLOOKUP($M9,Riesgos!$A$2:$E$200,5,FALSE),"") | R9: =IF($H9<>"Sí","",IF($I9="No implementado",IF(OR($N9="Muy alto",$N9="Alto"),"ALERTA ALTA","ALERTA"),IF(AND($I9="En proceso",OR($N9="Muy alto",$N9="Alto")),"EN PROCESO (riesgo alto)","")))
A10: A.5 | B10: DOM_A5 | C10: Organizacionales | D10: A.5.9 | E10: Inventario de información y activos asociados | F10: Mantiene un inventario de información y activos asociados, incluyendo propietarios, ubicación y clasificación, actualizado y coherente. | G10: • Inventariar activos (info, HW, SW, VM, servicios) • asignar propietarios • registrar ubicación y dependencia • clasificar según sensibilidad • definir proceso de alta/cambio/baja que actualice inventario • realizar revisiones periódicas. | H10: =IF($I10="No aplicable","No","Sí") | N10: =IFERROR(VLOOKUP($M10,Riesgos!$A$2:$E$200,5,FALSE),"") | R10: =IF($H10<>"Sí","",IF($I10="No implementado",IF(OR($N10="Muy alto",$N10="Alto"),"ALERTA ALTA","ALERTA"),IF(AND($I10="En proceso",OR($N10="Muy alto",$N10="Alto")),"EN PROCESO (riesgo alto)","")))
A11: A.5 | B11: DOM_A5 | C11: Organizacionales | D11: A.5.10 | E11: Reglas de uso aceptable de activos | F11: Define reglas de uso aceptable y procedimientos de manejo de información y activos para prevenir uso indebido o inseguro. | G11: • Publicar norma de uso aceptable (equipos, correo, internet, nube) • definir manejo por clasificación • comunicar y obtener aceptación • implementar controles técnicos (bloqueos, DLP básico) • revisar cumplimiento e incidentes. | H11: =IF($I11="No aplicable","No","Sí") | N11: =IFERROR(VLOOKUP($M11,Riesgos!$A$2:$E$200,5,FALSE),"") | R11: =IF($H11<>"Sí","",IF($I11="No implementado",IF(OR($N11="Muy alto",$N11="Alto"),"ALERTA ALTA","ALERTA"),IF(AND($I11="En proceso",OR($N11="Muy alto",$N11="Alto")),"EN PROCESO (riesgo alto)","")))
A12: A.5 | B12: DOM_A5 | C12: Organizacionales | D12: A.5.11 | E12: Devolución/retorno de activos | F12: Asegura el retorno de activos de la organización al término o cambio de relación laboral/contractual. | G12: • Definir lista de activos por rol • ejecutar checklist de devolución (HW, credenciales, documentos) • validar borrado/entrega de información • registrar evidencia • coordinar con RRHH y TI • auditar el proceso. | H12: =IF($I12="No aplicable","No","Sí") | N12: =IFERROR(VLOOKUP($M12,Riesgos!$A$2:$E$200,5,FALSE),"") | R12: =IF($H12<>"Sí","",IF($I12="No implementado",IF(OR($N12="Muy alto",$N12="Alto"),"ALERTA ALTA","ALERTA"),IF(AND($I12="En proceso",OR($N12="Muy alto",$N12="Alto")),"EN PROCESO (riesgo alto)","")))
A13: A.5 | B13: DOM_A5 | C13: Organizacionales | D13: A.5.12 | E13: Clasificación de la información | F13: Clasifica la información según criterios de confidencialidad, integridad y disponibilidad, y determina requisitos de protección. | G13: • Definir esquema de clasificación • capacitar a usuarios • clasificar información y activos • asociar controles por nivel (cifrado, acceso, retención) • revisar clasificación periódicamente • integrar en procesos y herramientas. | H13: =IF($I13="No aplicable","No","Sí") | N13: =IFERROR(VLOOKUP($M13,Riesgos!$A$2:$E$200,5,FALSE),"") | R13: =IF($H13<>"Sí","",IF($I13="No implementado",IF(OR($N13="Muy alto",$N13="Alto"),"ALERTA ALTA","ALERTA"),IF(AND($I13="En proceso",OR($N13="Muy alto",$N13="Alto")),"EN PROCESO (riesgo alto)","")))
A14: A.5 | B14: DOM_A5 | C14: Organizacionales | D14: A.5.13 | E14: Etiquetado/rotulado de la información | F14: Etiqueta información y activos asociados de acuerdo con su clasificación para facilitar el manejo correcto y consistente. | G14: • Definir estándar de etiquetado • aplicar etiquetas en documentos/sistemas/medios • configurar etiquetas en suites (M365/Google) • establecer reglas de tratamiento por etiqueta • controlar excepciones • auditar uso. | H14: =IF($I14="No aplicable","No","Sí") | N14: =IFERROR(VLOOKUP($M14,Riesgos!$A$2:$E$200,5,FALSE),"") | R14: =IF($H14<>"Sí","",IF($I14="No implementado",IF(OR($N14="Muy alto",$N14="Alto"),"ALERTA ALTA","ALERTA"),IF(AND($I14="En proceso",OR($N14="Muy alto",$N14="Alto")),"EN PROCESO (riesgo alto)","")))
... A23: A.5 | B23: DOM_A5 | C23: Organizacionales | D23: A.5.22 | E23: Supervisión, revisión y cambios de servicios del proveedor | F23: Monitorea, revisa y gestiona cambios en servicios de proveedores para asegurar que continúan cumpliendo requisitos de seguridad. | G23: • Definir revisiones periódicas • medir SLA/controles • gestionar cambios (avisos, evaluación de impacto) • revisar reportes de auditoría del proveedor • registrar no conformidades • ejecutar planes de mejora. | H23: =IF($I23="No aplicable","No","Sí") | N23: =IFERROR(VLOOKUP($M23,Riesgos!$A$2:$E$200,5,FALSE),"") | R23: =IF($H23<>"Sí","",IF($I23="No implementado",IF(OR($N23="Muy alto",$N23="Alto"),"ALERTA ALTA","ALERTA"),IF(AND($I23="En proceso",OR($N23="Muy alto",$N23="Alto")),"EN PROCESO (riesgo alto)","")))
A24: A.5 | B24: DOM_A5 | C24: Organizacionales | D24: A.5.23 | E24: Seguridad para uso de servicios en la nube | F24: Asegura el uso seguro de servicios en la nube, incluyendo gobierno, configuración segura y responsabilidades compartidas. | G24: • Definir política de uso de nube • evaluar proveedor y modelo de responsabilidad • configurar controles base (IAM, logging, cifrado) • revisar postura (CSPM si aplica) • definir plan de salida/portabilidad • gestionar accesos y datos. | H24: =IF($I24="No aplicable","No","Sí") | I24: En proceso | J24: Definir criterios de seguridad para proveedores cloud; evaluación de configuración y acuerdos. | K24: Checklist cloud; contrato con cláusulas SI; baseline CIS (si aplica). | L24: TI / Seguridad | M24: R-005 | N24: =IFERROR(VLOOKUP($M24,Riesgos!$A$2:$E$200,5,FALSE),"") | O24: 46112 | P24: 46001 | Q24: 0.4 | R24: =IF($H24<>"Sí","",IF($I24="No implementado",IF(OR($N24="Muy alto",$N24="Alto"),"ALERTA ALTA","ALERTA"),IF(AND($I24="En proceso",OR($N24="Muy alto",$N24="Alto")),"EN PROCESO (riesgo alto)","")))
A25: A.5 | B25: DOM_A5 | C25: Organizacionales | D25: A.5.24 | E25: Planificación y preparación para incidentes de SI | F25: Planifica y prepara la gestión de incidentes: procesos, roles, herramientas, comunicación y entrenamiento. | G25: • Definir plan IR y playbooks • asignar roles (IR lead, comunicaciones, legal) • preparar herramientas (ticketing, forense) • entrenar y hacer ejercicios • definir escalamiento • mantener lista de contactos y plantillas. | H25: =IF($I25="No aplicable","No","Sí") | N25: =IFERROR(VLOOKUP($M25,Riesgos!$A$2:$E$200,5,FALSE),"") | R25: =IF($H25<>"Sí","",IF($I25="No implementado",IF(OR($N25="Muy alto",$N25="Alto"),"ALERTA ALTA","ALERTA"),IF(AND($I25="En proceso",OR($N25="Muy alto",$N25="Alto")),"EN PROCESO (riesgo alto)","")))
A26: A.5 | B26: DOM_A5 | C26: Organizacionales | D26: A.5.25 | E26: Evaluación y decisión sobre eventos de SI | F26: Evalúa y decide sobre eventos de seguridad: clasificación, priorización y escalamiento oportuno. | G26: • Definir criterios de clasificación • establecer triage 24/7 o ventanas • registrar eventos • correlacionar y validar • decidir si es incidente • notificar a responsables • medir tiempos de respuesta. | H26: =IF($I26="No aplicable","No","Sí") | N26: =IFERROR(VLOOKUP($M26,Riesgos!$A$2:$E$200,5,FALSE),"") | R26: =IF($H26<>"Sí","",IF($I26="No implementado",IF(OR($N26="Muy alto",$N26="Alto"),"ALERTA ALTA","ALERTA"),IF(AND($I26="En proceso",OR($N26="Muy alto",$N26="Alto")),"EN PROCESO (riesgo alto)","")))
A27: A.5 | B27: DOM_A5 | C27: Organizacionales | D27: A.5.26 | E27: Respuesta a incidentes de SI | F27: Responde a incidentes de seguridad con acciones coordinadas de contención, erradicación, recuperación y comunicación. | G27: • Activar playbook • contener (aislar, bloquear) • preservar evidencias • erradicar causa raíz • recuperar servicios/datos • comunicar a stakeholders • documentar cronología y acciones • cerrar con reporte. | H27: =IF($I27="No aplicable","No","Sí") | N27: =IFERROR(VLOOKUP($M27,Riesgos!$A$2:$E$200,5,FALSE),"") | R27: =IF($H27<>"Sí","",IF($I27="No implementado",IF(OR($N27="Muy alto",$N27="Alto"),"ALERTA ALTA","ALERTA"),IF(AND($I27="En proceso",OR($N27="Muy alto",$N27="Alto")),"EN PROCESO (riesgo alto)","")))
A28: A.5 | B28: DOM_A5 | C28: Organizacionales | D28: A.5.27 | E28: Lecciones aprendidas de incidentes | F28: Aprende de los incidentes: análisis post-mortem, lecciones aprendidas y mejoras en controles y procesos. | G28: • Realizar post-incident review • identificar fallas y oportunidades • actualizar riesgos/controles/políticas • ejecutar acciones correctivas • compartir aprendizajes • medir recurrencia y eficacia. | H28: =IF($I28="No aplicable","No","Sí") | N28: =IFERROR(VLOOKUP($M28,Riesgos!$A$2:$E$200,5,FALSE),"") | R28: =IF($H28<>"Sí","",IF($I28="No implementado",IF(OR($N28="Muy alto",$N28="Alto"),"ALERTA ALTA","ALERTA"),IF(AND($I28="En proceso",OR($N28="Muy alto",$N28="Alto")),"EN PROCESO (riesgo alto)","")))
A29: A.5 | B29: DOM_A5 | C29: Organizacionales | D29: A.5.28 | E29: Recolección y preservación de evidencias | F29: Recolecta y preserva evidencias de manera forense para soportar investigaciones internas/legales manteniendo cadena de custodia. | G29: • Definir procedimiento forense • capacitar personal • usar herramientas aprobadas • mantener cadena de custodia • almacenar evidencias de forma segura • coordinar con legal • retener según requisitos. | H29: =IF($I29="No aplicable","No","Sí") | N29: =IFERROR(VLOOKUP($M29,Riesgos!$A$2:$E$200,5,FALSE),"") | R29: =IF($H29<>"Sí","",IF($I29="No implementado",IF(OR($N29="Muy alto",$N29="Alto"),"ALERTA ALTA","ALERTA"),IF(AND($I29="En proceso",OR($N29="Muy alto",$N29="Alto")),"EN PROCESO (riesgo alto)","")))
A30: A.5 | B30: DOM_A5 | C30: Organizacionales | D30: A.5.29 | E30: Seguridad de la información durante interrupciones | F30: Mantiene seguridad de la información durante interrupciones, asegurando que controles críticos siguen operando en modo degradado. | G30: • Definir controles mínimos en contingencia • establecer accesos de emergencia controlados • asegurar backups y comunicaciones • proteger información en sitios alternos • probar escenarios • registrar decisiones y excepciones. | H30: =IF($I30="No aplicable","No","Sí") | N30: =IFERROR(VLOOKUP($M30,Riesgos!$A$2:$E$200,5,FALSE),"") | R30: =IF($H30<>"Sí","",IF($I30="No implementado",IF(OR($N30="Muy alto",$N30="Alto"),"ALERTA ALTA","ALERTA"),IF(AND($I30="En proceso",OR($N30="Muy alto",$N30="Alto")),"EN PROCESO (riesgo alto)","")))
A31: A.5 | B31: DOM_A5 | C31: Organizacionales | D31: A.5.30 | E31: Preparación TIC para continuidad del negocio | F31: Asegura preparación TIC para continuidad del negocio: recuperación, respaldo, redundancia y pruebas de restauración/failover. | G31: • Definir RTO/RPO • diseñar DR/BCP de TI • implementar backups y replicación • probar restauración y conmutación • mantener runbooks • revisar cambios de infraestructura y actualizar planes. | H31: =IF($I31="No aplicable","No","Sí") | N31: =IFERROR(VLOOKUP($M31,Riesgos!$A$2:$E$200,5,FALSE),"") | R31: =IF($H31<>"Sí","",IF($I31="No implementado",IF(OR($N31="Muy alto",$N31="Alto"),"ALERTA ALTA","ALERTA"),IF(AND($I31="En proceso",OR($N31="Muy alto",$N31="Alto")),"EN PROCESO (riesgo alto)","")))
A32: A.5 | B32: DOM_A5 | C32: Organizacionales | D32: A.5.31 | E32: Requisitos legales/regulatorios/contractuales | F32: Identifica y cumple requisitos legales, regulatorios y contractuales aplicables a la seguridad de la información y privacidad. | G32: • Mantener matriz de cumplimiento • asignar responsables • implementar controles para requisitos • revisar cambios normativos • evidenciar cumplimiento • incorporar requisitos en contratos y políticas. | H32: =IF($I32="No aplicable","No","Sí") | N32: =IFERROR(VLOOKUP($M32,Riesgos!$A$2:$E$200,5,FALSE),"") | R32: =IF($H32<>"Sí","",IF($I32="No implementado",IF(OR($N32="Muy alto",$N32="Alto"),"ALERTA ALTA","ALERTA"),IF(AND($I32="En proceso",OR($N32="Muy alto",$N32="Alto")),"EN PROCESO (riesgo alto)","")))
A33: A.5 | B33: DOM_A5 | C33: Organizacionales | D33: A.5.32 | E33: Derechos de propiedad intelectual (DPI) | F33: Protege derechos de propiedad intelectual y asegura uso legal de software/datos/licencias. | G33: • Inventariar licencias y activos IP • definir reglas de uso y reproducción • controlar software no autorizado • revisar cumplimiento de licencias • gestionar contenido de terceros • registrar evidencias. | H33: =IF($I33="No aplicable","No","Sí") | N33: =IFERROR(VLOOKUP($M33,Riesgos!$A$2:$E$200,5,FALSE),"") | R33: =IF($H33<>"Sí","",IF($I33="No implementado",IF(OR($N33="Muy alto",$N33="Alto"),"ALERTA ALTA","ALERTA"),IF(AND($I33="En proceso",OR($N33="Muy alto",$N33="Alto")),"EN PROCESO (riesgo alto)","")))
A34: A.5 | B34: DOM_A5 | C34: Organizacionales | D34: A.5.33 | E34: Protección y retención de registros | F34: Protege registros (records) para asegurar su integridad, disponibilidad y trazabilidad durante su ciclo de vida y retención. | G34: • Definir política de gestión de registros • establecer retención y disposiciones • asegurar almacenamiento y backups • controlar accesos • proteger contra alteración • auditar registros críticos. | H34: =IF($I34="No aplicable","No","Sí") | N34: =IFERROR(VLOOKUP($M34,Riesgos!$A$2:$E$200,5,FALSE),"") | R34: =IF($H34<>"Sí","",IF($I34="No implementado",IF(OR($N34="Muy alto",$N34="Alto"),"ALERTA ALTA","ALERTA"),IF(AND($I34="En proceso",OR($N34="Muy alto",$N34="Alto")),"EN PROCESO (riesgo alto)","")))
A35: A.5 | B35: DOM_A5 | C35: Organizacionales | D35: A.5.34 | E35: Privacidad y protección de PII | F35: Gestiona privacidad y protección de información identificable (PII) conforme a requisitos aplicables, minimizando exposición y riesgo. | G35: • Inventariar PII y bases legales • aplicar minimización y controles de acceso • cifrar PII sensible • gestionar derechos de titulares • evaluar DPIA/PIA cuando aplique • monitorear incidentes y notificar según norma. | H35: =IF($I35="No aplicable","No","Sí") | N35: =IFERROR(VLOOKUP($M35,Riesgos!$A$2:$E$200,5,FALSE),"") | R35: =IF($H35<>"Sí","",IF($I35="No implementado",IF(OR($N35="Muy alto",$N35="Alto"),"ALERTA ALTA","ALERTA"),IF(AND($I35="En proceso",OR($N35="Muy alto",$N35="Alto")),"EN PROCESO (riesgo alto)","")))
A36: A.5 | B36: DOM_A5 | C36: Organizacionales | D36: A.5.35 | E36: Revisión independiente de SI | F36: Realiza revisiones independientes de seguridad para evaluar adecuación y eficacia de controles, políticas y procesos. | G36: • Planificar revisiones/auditorías internas • definir alcance y criterios • ejecutar pruebas y entrevistas • emitir hallazgos y recomendaciones • hacer seguimiento a acciones correctivas • reportar a dirección. | H36: =IF($I36="No aplicable","No","Sí") | N36: =IFERROR(VLOOKUP($M36,Riesgos!$A$2:$E$200,5,FALSE),"") | R36: =IF($H36<>"Sí","",IF($I36="No implementado",IF(OR($N36="Muy alto",$N36="Alto"),"ALERTA ALTA","ALERTA"),IF(AND($I36="En proceso",OR($N36="Muy alto",$N36="Alto")),"EN PROCESO (riesgo alto)","")))
... A40: A.6 | B40: DOM_A6 | C40: Personas | D40: A.6.2 | E40: Términos y condiciones de empleo | F40: Incluye obligaciones de seguridad en términos y condiciones de empleo/contrato, alineadas a políticas del SGSI. | G40: • Actualizar contratos y anexos • incluir confidencialidad, uso aceptable y sanciones • entregar políticas y obtener aceptación • asegurar onboarding • revisar en cambios de rol • mantener registros. | H40: =IF($I40="No aplicable","No","Sí") | N40: =IFERROR(VLOOKUP($M40,Riesgos!$A$2:$E$200,5,FALSE),"") | R40: =IF($H40<>"Sí","",IF($I40="No implementado",IF(OR($N40="Muy alto",$N40="Alto"),"ALERTA ALTA","ALERTA"),IF(AND($I40="En proceso",OR($N40="Muy alto",$N40="Alto")),"EN PROCESO (riesgo alto)","")))
A41: A.6 | B41: DOM_A6 | C41: Personas | D41: A.6.3 | E41: Concientización, educación y capacitación en SI | F41: Asegura concientización, educación y capacitación en seguridad acorde al rol y riesgos, de forma periódica. | G41: • Definir plan anual de formación • capacitar por rol (general y especializado) • realizar campañas (phishing, posters) • evaluar efectividad • registrar participación • actualizar contenidos según incidentes. | H41: =IF($I41="No aplicable","No","Sí") | I41: En proceso | J41: Plan anual de concientización, onboarding y formación por rol; métricas de asistencia. | K41: Plan de formación; registros de asistencia; resultados de phishing simulado. | L41: RR.HH. / CISO | M41: R-007 | N41: =IFERROR(VLOOKUP($M41,Riesgos!$A$2:$E$200,5,FALSE),"") | O41: 46081 | P41: 45992 | Q41: 0.25 | R41: =IF($H41<>"Sí","",IF($I41="No implementado",IF(OR($N41="Muy alto",$N41="Alto"),"ALERTA ALTA","ALERTA"),IF(AND($I41="En proceso",OR($N41="Muy alto",$N41="Alto")),"EN PROCESO (riesgo alto)","")))
A42: A.6 | B42: DOM_A6 | C42: Personas | D42: A.6.4 | E42: Proceso disciplinario relacionado con SI | F42: Establece un proceso disciplinario para tratar violaciones a políticas y controles de seguridad. | G42: • Definir política disciplinaria • clasificar severidad • coordinar con RRHH y legal • aplicar medidas consistentes • registrar casos • retroalimentar al SGSI para prevención. | H42: =IF($I42="No aplicable","No","Sí") | N42: =IFERROR(VLOOKUP($M42,Riesgos!$A$2:$E$200,5,FALSE),"") | R42: =IF($H42<>"Sí","",IF($I42="No implementado",IF(OR($N42="Muy alto",$N42="Alto"),"ALERTA ALTA","ALERTA"),IF(AND($I42="En proceso",OR($N42="Muy alto",$N42="Alto")),"EN PROCESO (riesgo alto)","")))
A43: A.6 | B43: DOM_A6 | C43: Personas | D43: A.6.5 | E43: Responsabilidades tras cese o cambio de empleo | F43: Gestiona responsabilidades tras cese o cambio de empleo, asegurando revocación de accesos y devolución de activos. | G43: • Activar proceso JML con RRHH • revocar accesos y credenciales • retirar privilegios • recuperar activos • asegurar continuidad de responsabilidades • registrar cierre y evidencias. | H43: =IF($I43="No aplicable","No","Sí") | N43: =IFERROR(VLOOKUP($M43,Riesgos!$A$2:$E$200,5,FALSE),"") | R43: =IF($H43<>"Sí","",IF($I43="No implementado",IF(OR($N43="Muy alto",$N43="Alto"),"ALERTA ALTA","ALERTA"),IF(AND($I43="En proceso",OR($N43="Muy alto",$N43="Alto")),"EN PROCESO (riesgo alto)","")))
A44: A.6 | B44: DOM_A6 | C44: Personas | D44: A.6.6 | E44: Acuerdos de confidencialidad / no divulgación | F44: Asegura acuerdos de confidencialidad/NDA con empleados, contratistas y terceros con acceso a información sensible. | G44: • Definir plantillas NDA • firmar antes de acceso • almacenar y controlar vigencia • incluir obligaciones post-empleo • revisar para terceros • auditar cobertura. | H44: =IF($I44="No aplicable","No","Sí") | I44: Implementado | J44: NDA firmado por empleados/contratistas antes de acceso; repositorio controlado. | K44: Plantilla NDA; evidencias firmadas; control de acceso al repositorio. | L44: RR.HH. | M44: R-002 | N44: =IFERROR(VLOOKUP($M44,Riesgos!$A$2:$E$200,5,FALSE),"") | O44: 46022 | P44: 45981 | Q44: 1 | R44: =IF($H44<>"Sí","",IF($I44="No implementado",IF(OR($N44="Muy alto",$N44="Alto"),"ALERTA ALTA","ALERTA"),IF(AND($I44="En proceso",OR($N44="Muy alto",$N44="Alto")),"EN PROCESO (riesgo alto)","")))
A45: A.6 | B45: DOM_A6 | C45: Personas | D45: A.6.7 | E45: Trabajo remoto seguro | F45: Define y aplica requisitos de seguridad para el trabajo a distancia, protegiendo accesos, dispositivos y datos. | G45: • Publicar política de trabajo remoto • exigir MFA/VPN • gestionar endpoints (MDM/EDR) • definir reglas BYOD • proteger datos (cifrado, DLP básico) • entrenar usuarios y revisar cumplimiento. | H45: =IF($I45="No aplicable","No","Sí") | N45: =IFERROR(VLOOKUP($M45,Riesgos!$A$2:$E$200,5,FALSE),"") | R45: =IF($H45<>"Sí","",IF($I45="No implementado",IF(OR($N45="Muy alto",$N45="Alto"),"ALERTA ALTA","ALERTA"),IF(AND($I45="En proceso",OR($N45="Muy alto",$N45="Alto")),"EN PROCESO (riesgo alto)","")))
A46: A.6 | B46: DOM_A6 | C46: Personas | D46: A.6.8 | E46: Reporte de eventos de seguridad de la información | F46: Establece canales y procedimiento para que el personal reporte eventos de seguridad de manera rápida y segura. | G46: • Definir canales (correo, portal, hotline) • comunicar a todo el personal • permitir reporte confidencial • definir SLA de triage • registrar y clasificar reportes • retroalimentar con comunicación y mejoras. | H46: =IF($I46="No aplicable","No","Sí") | N46: =IFERROR(VLOOKUP($M46,Riesgos!$A$2:$E$200,5,FALSE),"") | R46: =IF($H46<>"Sí","",IF($I46="No implementado",IF(OR($N46="Muy alto",$N46="Alto"),"ALERTA ALTA","ALERTA"),IF(AND($I46="En proceso",OR($N46="Muy alto",$N46="Alto")),"EN PROCESO (riesgo alto)","")))
A47: A.7 | B47: DOM_A7 | C47: Físicos | D47: A.7.1 | E47: Perímetros de seguridad física | F47: Define perímetros de seguridad física para proteger áreas y activos críticos frente a accesos no autorizados. | G47: • Delimitar zonas (público, restringido, crítico) • instalar barreras y controles • señalizar • revisar puntos de entrada • registrar visitantes • auditar periódicamente. | H47: =IF($I47="No aplicable","No","Sí") | N47: =IFERROR(VLOOKUP($M47,Riesgos!$A$2:$E$200,5,FALSE),"") | R47: =IF($H47<>"Sí","",IF($I47="No implementado",IF(OR($N47="Muy alto",$N47="Alto"),"ALERTA ALTA","ALERTA"),IF(AND($I47="En proceso",OR($N47="Muy alto",$N47="Alto")),"EN PROCESO (riesgo alto)","")))
A48: A.7 | B48: DOM_A7 | C48: Físicos | D48: A.7.2 | E48: Control de accesos/entradas físicas | F48: Controla la entrada física a instalaciones y áreas seguras mediante mecanismos de autenticación y registro. | G48: • Implementar credenciales/biometría según riesgo • gestionar altas/bajas de tarjetas • registrar accesos • supervisar visitantes • revisar logs • probar controles y respuesta ante fallos. | H48: =IF($I48="No aplicable","No","Sí") | I48: Implementado | J48: Control de acceso físico (credenciales/registro de visitas) y revisión periódica. | K48: Procedimiento visitas; bitácora; fotos de controles; reporte de revisión. | L48: Facilities / Seguridad Física | M48: R-006 | N48: =IFERROR(VLOOKUP($M48,Riesgos!$A$2:$E$200,5,FALSE),"") | O48: 46022 | P48: 45996 | Q48: 1 | R48: =IF($H48<>"Sí","",IF($I48="No implementado",IF(OR($N48="Muy alto",$N48="Alto"),"ALERTA ALTA","ALERTA"),IF(AND($I48="En proceso",OR($N48="Muy alto",$N48="Alto")),"EN PROCESO (riesgo alto)","")))
A49: A.7 | B49: DOM_A7 | C49: Físicos | D49: A.7.3 | E49: Protección de oficinas, salas e instalaciones | F49: Asegura oficinas, salas e instalaciones para prevenir acceso no autorizado y proteger equipos e información. | G49: • Evaluar riesgos por ubicación • instalar cerraduras y control de llaves • asegurar salas de servidores/archivo • gestionar alarmas • controlar acceso fuera de horario • registrar inspecciones. | H49: =IF($I49="No aplicable","No","Sí") | N49: =IFERROR(VLOOKUP($M49,Riesgos!$A$2:$E$200,5,FALSE),"") | R49: =IF($H49<>"Sí","",IF($I49="No implementado",IF(OR($N49="Muy alto",$N49="Alto"),"ALERTA ALTA","ALERTA"),IF(AND($I49="En proceso",OR($N49="Muy alto",$N49="Alto")),"EN PROCESO (riesgo alto)","")))
A50: A.7 | B50: DOM_A7 | C50: Físicos | D50: A.7.4 | E50: Monitoreo de seguridad física | F50: Monitorea seguridad física (p. ej., CCTV, sensores) para detectar y responder a incidentes de acceso o daño. | G50: • Definir áreas a monitorear • desplegar CCTV/sensores • retener grabaciones según política • proteger evidencias • revisar alertas • probar respuesta e integraciones con incidentes. | H50: =IF($I50="No aplicable","No","Sí") | N50: =IFERROR(VLOOKUP($M50,Riesgos!$A$2:$E$200,5,FALSE),"") | R50: =IF($H50<>"Sí","",IF($I50="No implementado",IF(OR($N50="Muy alto",$N50="Alto"),"ALERTA ALTA","ALERTA"),IF(AND($I50="En proceso",OR($N50="Muy alto",$N50="Alto")),"EN PROCESO (riesgo alto)","")))
A51: A.7 | B51: DOM_A7 | C51: Físicos | D51: A.7.5 | E51: Protección ante amenazas físicas y ambientales | F51: Protege contra amenazas físicas y ambientales (incendio, inundación, temperatura, humo, polvo) que afecten instalaciones y equipos. | G51: • Realizar evaluación de amenazas • instalar detección/extinción • controlar temperatura/humedad • definir mantenimiento preventivo • probar sistemas • registrar inspecciones y planes de mejora. | H51: =IF($I51="No aplicable","No","Sí") | N51: =IFERROR(VLOOKUP($M51,Riesgos!$A$2:$E$200,5,FALSE),"") | R51: =IF($H51<>"Sí","",IF($I51="No implementado",IF(OR($N51="Muy alto",$N51="Alto"),"ALERTA ALTA","ALERTA"),IF(AND($I51="En proceso",OR($N51="Muy alto",$N51="Alto")),"EN PROCESO (riesgo alto)","")))
A52: A.7 | B52: DOM_A7 | C52: Físicos | D52: A.7.6 | E52: Trabajo en zonas/áreas seguras | F52: Controla el trabajo en zonas seguras, aplicando autorizaciones, supervisión y medidas adicionales. | G52: • Definir criterios de zona segura • autorizar personal • aplicar controles (sin dispositivos no autorizados) • supervisar trabajos de terceros • registrar actividades • revisar cumplimiento. | H52: =IF($I52="No aplicable","No","Sí") | N52: =IFERROR(VLOOKUP($M52,Riesgos!$A$2:$E$200,5,FALSE),"") | R52: =IF($H52<>"Sí","",IF($I52="No implementado",IF(OR($N52="Muy alto",$N52="Alto"),"ALERTA ALTA","ALERTA"),IF(AND($I52="En proceso",OR($N52="Muy alto",$N52="Alto")),"EN PROCESO (riesgo alto)","")))
A53: A.7 | B53: DOM_A7 | C53: Físicos | D53: A.7.7 | E53: Escritorio y pantalla limpia | F53: Aplica política de escritorio y pantalla despejados para reducir exposición de información en el puesto de trabajo. | G53: • Publicar regla clear desk/screen • configurar bloqueo automático • proveer almacenamiento seguro • destruir papeles mediante trituradoras • inspecciones aleatorias • campañas de concientización. | H53: =IF($I53="No aplicable","No","Sí") | N53: =IFERROR(VLOOKUP($M53,Riesgos!$A$2:$E$200,5,FALSE),"") | R53: =IF($H53<>"Sí","",IF($I53="No implementado",IF(OR($N53="Muy alto",$N53="Alto"),"ALERTA ALTA","ALERTA"),IF(AND($I53="En proceso",OR($N53="Muy alto",$N53="Alto")),"EN PROCESO (riesgo alto)","")))
A54: A.7 | B54: DOM_A7 | C54: Físicos | D54: A.7.8 | E54: Ubicación y protección del equipamiento | F54: Ubica y protege equipos para minimizar riesgos de robo, manipulación, daño ambiental o acceso no autorizado. | G54: • Definir requisitos de ubicación • usar anclajes/armarios • restringir acceso a cableado/puertos • proteger contra derrames/calor • inventariar • revisar en cambios de layout. | H54: =IF($I54="No aplicable","No","Sí") | N54: =IFERROR(VLOOKUP($M54,Riesgos!$A$2:$E$200,5,FALSE),"") | R54: =IF($H54<>"Sí","",IF($I54="No implementado",IF(OR($N54="Muy alto",$N54="Alto"),"ALERTA ALTA","ALERTA"),IF(AND($I54="En proceso",OR($N54="Muy alto",$N54="Alto")),"EN PROCESO (riesgo alto)","")))
A55: A.7 | B55: DOM_A7 | C55: Físicos | D55: A.7.9 | E55: Seguridad de activos fuera de las instalaciones | F55: Protege activos fuera de las instalaciones (portátiles, medios, equipos) durante transporte y uso externo. | G55: • Definir política off-premises • cifrar dispositivos • registrar asignación • usar fundas/cables • exigir VPN/MFA • reportar pérdidas • evaluar riesgos en viajes. | H55: =IF($I55="No aplicable","No","Sí") | N55: =IFERROR(VLOOKUP($M55,Riesgos!$A$2:$E$200,5,FALSE),"") | R55: =IF($H55<>"Sí","",IF($I55="No implementado",IF(OR($N55="Muy alto",$N55="Alto"),"ALERTA ALTA","ALERTA"),IF(AND($I55="En proceso",OR($N55="Muy alto",$N55="Alto")),"EN PROCESO (riesgo alto)","")))
A56: A.7 | B56: DOM_A7 | C56: Físicos | D56: A.7.10 | E56: Gestión de medios de almacenamiento | F56: Gestiona medios de almacenamiento (removibles y fijos) para prevenir pérdida, fuga o acceso no autorizado. | G56: • Inventariar medios • autorizar uso de USB • cifrar medios • almacenar en lugar seguro • controlar transporte • definir destrucción/borrado • registrar movimientos. | H56: =IF($I56="No aplicable","No","Sí") | I56: En proceso | J56: Inventario de medios; cifrado; custodia y destrucción certificada. | K56: Inventario medios; política de cifrado; certificados de destrucción. | L56: TI / Facilities | M56: R-010 | N56: =IFERROR(VLOOKUP($M56,Riesgos!$A$2:$E$200,5,FALSE),"") | O56: 46142 | P56: 45998 | Q56: 0.3 | R56: =IF($H56<>"Sí","",IF($I56="No implementado",IF(OR($N56="Muy alto",$N56="Alto"),"ALERTA ALTA","ALERTA"),IF(AND($I56="En proceso",OR($N56="Muy alto",$N56="Alto")),"EN PROCESO (riesgo alto)","")))
A57: A.7 | B57: DOM_A7 | C57: Físicos | D57: A.7.11 | E57: Servicios de apoyo (energía, climatización, etc.) | F57: Asegura servicios de apoyo (energía, climatización, agua) que sostienen la operación segura y disponible de instalaciones TI. | G57: • Evaluar dependencias críticas • implementar UPS/generador • monitorear energía y ambiente • mantener contratos de mantenimiento • probar conmutación • documentar capacidades. | H57: =IF($I57="No aplicable","No","Sí") | N57: =IFERROR(VLOOKUP($M57,Riesgos!$A$2:$E$200,5,FALSE),"") | R57: =IF($H57<>"Sí","",IF($I57="No implementado",IF(OR($N57="Muy alto",$N57="Alto"),"ALERTA ALTA","ALERTA"),IF(AND($I57="En proceso",OR($N57="Muy alto",$N57="Alto")),"EN PROCESO (riesgo alto)","")))
A58: A.7 | B58: DOM_A7 | C58: Físicos | D58: A.7.12 | E58: Seguridad de cableado | F58: Protege cableado de energía y comunicaciones para evitar cortes, manipulación o interceptación. | G58: • Usar canalizaciones y protecciones • restringir acceso a racks/patch panels • etiquetar y documentar • inspecciones periódicas • controles contra interferencia • gestionar cambios. | H58: =IF($I58="No aplicable","No","Sí") | N58: =IFERROR(VLOOKUP($M58,Riesgos!$A$2:$E$200,5,FALSE),"") | R58: =IF($H58<>"Sí","",IF($I58="No implementado",IF(OR($N58="Muy alto",$N58="Alto"),"ALERTA ALTA","ALERTA"),IF(AND($I58="En proceso",OR($N58="Muy alto",$N58="Alto")),"EN PROCESO (riesgo alto)","")))
A59: A.7 | B59: DOM_A7 | C59: Físicos | D59: A.7.13 | E59: Mantenimiento del equipo | F59: Realiza mantenimiento de equipos para preservar disponibilidad y reducir fallos que puedan derivar en incidentes. | G59: • Definir plan de mantenimiento • ejecutar revisiones preventivas • registrar intervenciones • controlar acceso de técnicos • probar post-mantenimiento • actualizar inventario y configuración. | H59: =IF($I59="No aplicable","No","Sí") | N59: =IFERROR(VLOOKUP($M59,Riesgos!$A$2:$E$200,5,FALSE),"") | R59: =IF($H59<>"Sí","",IF($I59="No implementado",IF(OR($N59="Muy alto",$N59="Alto"),"ALERTA ALTA","ALERTA"),IF(AND($I59="En proceso",OR($N59="Muy alto",$N59="Alto")),"EN PROCESO (riesgo alto)","")))
A60: A.7 | B60: DOM_A7 | C60: Físicos | D60: A.7.14 | E60: Disposición o reutilización segura del equipo | F60: Asegura eliminación o reutilización segura de equipos, evitando exposición de datos residuales. | G60: • Aplicar borrado seguro (wipe) o destrucción • validar irreversibilidad • gestionar cadena de custodia • registrar disposición • retirar etiquetas/credenciales • auditar proveedores de destrucción. | H60: =IF($I60="No aplicable","No","Sí") | N60: =IFERROR(VLOOKUP($M60,Riesgos!$A$2:$E$200,5,FALSE),"") | R60: =IF($H60<>"Sí","",IF($I60="No implementado",IF(OR($N60="Muy alto",$N60="Alto"),"ALERTA ALTA","ALERTA"),IF(AND($I60="En proceso",OR($N60="Muy alto",$N60="Alto")),"EN PROCESO (riesgo alto)","")))
A61: A.8 | B61: DOM_A8 | C61: Tecnológicos | D61: A.8.1 | E61: Dispositivos terminales de usuario (endpoints) | F61: Gestiona la seguridad de dispositivos terminales de usuario (endpoints) para proteger datos y reducir superficie de ataque. | G61: • Definir estándar de endpoint • aplicar hardening y cifrado • gestionar parches • EDR/antimalware • controlar software autorizado • inventario y monitoreo. | H61: =IF($I61="No aplicable","No","Sí") | N61: =IFERROR(VLOOKUP($M61,Riesgos!$A$2:$E$200,5,FALSE),"") | R61: =IF($H61<>"Sí","",IF($I61="No implementado",IF(OR($N61="Muy alto",$N61="Alto"),"ALERTA ALTA","ALERTA"),IF(AND($I61="En proceso",OR($N61="Muy alto",$N61="Alto")),"EN PROCESO (riesgo alto)","")))
A62: A.8 | B62: DOM_A8 | C62: Tecnológicos | D62: A.8.2 | E62: Derechos de acceso privilegiado | F62: Gestiona derechos de acceso privilegiado para minimizar abuso o compromiso de cuentas con altos permisos. | G62: • Inventariar cuentas privilegiadas • usar PAM • MFA obligatorio • aprobación y tiempo limitado • registrar sesiones • revisar privilegios periódicamente. | H62: =IF($I62="No aplicable","No","Sí") | N62: =IFERROR(VLOOKUP($M62,Riesgos!$A$2:$E$200,5,FALSE),"") | R62: =IF($H62<>"Sí","",IF($I62="No implementado",IF(OR($N62="Muy alto",$N62="Alto"),"ALERTA ALTA","ALERTA"),IF(AND($I62="En proceso",OR($N62="Muy alto",$N62="Alto")),"EN PROCESO (riesgo alto)","")))
A63: A.8 | B63: DOM_A8 | C63: Tecnológicos | D63: A.8.3 | E63: Restricción de acceso a la información (need-to-know) | F63: Restringe acceso a la información según necesidad y sensibilidad mediante controles lógicos y segmentación. | G63: • Definir matrices de acceso • aplicar RBAC/ABAC • segmentar datos y sistemas • controlar acceso a archivos/bd • revisar permisos • registrar accesos críticos. | H63: =IF($I63="No aplicable","No","Sí") | N63: =IFERROR(VLOOKUP($M63,Riesgos!$A$2:$E$200,5,FALSE),"") | R63: =IF($H63<>"Sí","",IF($I63="No implementado",IF(OR($N63="Muy alto",$N63="Alto"),"ALERTA ALTA","ALERTA"),IF(AND($I63="En proceso",OR($N63="Muy alto",$N63="Alto")),"EN PROCESO (riesgo alto)","")))
A64: A.8 | B64: DOM_A8 | C64: Tecnológicos | D64: A.8.4 | E64: Acceso al código fuente | F64: Controla el acceso al código fuente para prevenir cambios no autorizados y fuga de propiedad intelectual. | G64: • Usar repositorios controlados • MFA y permisos por rol • revisiones y aprobaciones (PR) • registrar cambios • proteger secretos en repos • auditar accesos. | H64: =IF($I64="No aplicable","No","Sí") | N64: =IFERROR(VLOOKUP($M64,Riesgos!$A$2:$E$200,5,FALSE),"") | R64: =IF($H64<>"Sí","",IF($I64="No implementado",IF(OR($N64="Muy alto",$N64="Alto"),"ALERTA ALTA","ALERTA"),IF(AND($I64="En proceso",OR($N64="Muy alto",$N64="Alto")),"EN PROCESO (riesgo alto)","")))
A65: A.8 | B65: DOM_A8 | C65: Tecnológicos | D65: A.8.5 | E65: Autenticación robusta/segura | F65: Implementa autenticación segura para usuarios y sistemas, reduciendo riesgo de suplantación. | G65: • Aplicar MFA • políticas de contraseñas • SSO cuando aplique • proteger reset • usar autenticación fuerte para admin • monitorear intentos • revisar excepciones. | H65: =IF($I65="No aplicable","No","Sí") | N65: =IFERROR(VLOOKUP($M65,Riesgos!$A$2:$E$200,5,FALSE),"") | R65: =IF($H65<>"Sí","",IF($I65="No implementado",IF(OR($N65="Muy alto",$N65="Alto"),"ALERTA ALTA","ALERTA"),IF(AND($I65="En proceso",OR($N65="Muy alto",$N65="Alto")),"EN PROCESO (riesgo alto)","")))
A66: A.8 | B66: DOM_A8 | C66: Tecnológicos | D66: A.8.6 | E66: Gestión de capacidad | F66: Gestiona capacidad de sistemas para asegurar disponibilidad y rendimiento acorde a la demanda. | G66: • Monitorear uso (CPU, RAM, disco, red) • definir umbrales y alertas • planificar crecimiento • pruebas de carga • capacidad en nube • documentar acciones. | H66: =IF($I66="No aplicable","No","Sí") | N66: =IFERROR(VLOOKUP($M66,Riesgos!$A$2:$E$200,5,FALSE),"") | R66: =IF($H66<>"Sí","",IF($I66="No implementado",IF(OR($N66="Muy alto",$N66="Alto"),"ALERTA ALTA","ALERTA"),IF(AND($I66="En proceso",OR($N66="Muy alto",$N66="Alto")),"EN PROCESO (riesgo alto)","")))
A67: A.8 | B67: DOM_A8 | C67: Tecnológicos | D67: A.8.7 | E67: Protección contra malware | F67: Protege contra malware mediante prevención, detección y respuesta en endpoints y servidores. | G67: • Desplegar antimalware/EDR • actualizar firmas • escaneo programado • bloquear macros/descargas • segmentar y aplicar mínimos • entrenar usuarios y registrar incidentes. | H67: =IF($I67="No aplicable","No","Sí") | I67: No implementado | J67: Pendiente despliegue EDR/AV gestionado y hardening de endpoints. | K67: — | L67: TI | M67: R-003 | N67: =IFERROR(VLOOKUP($M67,Riesgos!$A$2:$E$200,5,FALSE),"") | O67: 46037 | P67: 45994 | Q67: 0 | R67: =IF($H67<>"Sí","",IF($I67="No implementado",IF(OR($N67="Muy alto",$N67="Alto"),"ALERTA ALTA","ALERTA"),IF(AND($I67="En proceso",OR($N67="Muy alto",$N67="Alto")),"EN PROCESO (riesgo alto)","")))
A68: A.8 | B68: DOM_A8 | C68: Tecnológicos | D68: A.8.8 | E68: Gestión de vulnerabilidades técnicas | F68: Gestiona vulnerabilidades técnicas identificando, evaluando y tratando debilidades en sistemas y aplicaciones. | G68: • Ejecutar escaneos periódicos • priorizar por criticidad/exposición • aplicar parches • gestionar excepciones • verificar remediación • reportar métricas. | H68: =IF($I68="No aplicable","No","Sí") | N68: =IFERROR(VLOOKUP($M68,Riesgos!$A$2:$E$200,5,FALSE),"") | R68: =IF($H68<>"Sí","",IF($I68="No implementado",IF(OR($N68="Muy alto",$N68="Alto"),"ALERTA ALTA","ALERTA"),IF(AND($I68="En proceso",OR($N68="Muy alto",$N68="Alto")),"EN PROCESO (riesgo alto)","")))
A69: A.8 | B69: DOM_A8 | C69: Tecnológicos | D69: A.8.9 | E69: Gestión de configuración | F69: Gestiona configuración para asegurar baselines seguros y control de cambios en sistemas, servicios y dispositivos. | G69: • Definir baseline hardening • usar IaC/CMDB cuando aplique • aplicar control de cambios • validar configuración (CIS) • registrar desviaciones • revisar periódicamente. | H69: =IF($I69="No aplicable","No","Sí") | N69: =IFERROR(VLOOKUP($M69,Riesgos!$A$2:$E$200,5,FALSE),"") | R69: =IF($H69<>"Sí","",IF($I69="No implementado",IF(OR($N69="Muy alto",$N69="Alto"),"ALERTA ALTA","ALERTA"),IF(AND($I69="En proceso",OR($N69="Muy alto",$N69="Alto")),"EN PROCESO (riesgo alto)","")))
A70: A.8 | B70: DOM_A8 | C70: Tecnológicos | D70: A.8.10 | E70: Eliminación/borrado seguro de información | F70: Asegura supresión/eliminación de información de forma segura cuando ya no es necesaria o al finalizar su retención. | G70: • Definir política de retención • automatizar borrado • usar borrado seguro según medio • validar • registrar evidencias • gestionar solicitudes legales (hold). | H70: =IF($I70="No aplicable","No","Sí") | N70: =IFERROR(VLOOKUP($M70,Riesgos!$A$2:$E$200,5,FALSE),"") | R70: =IF($H70<>"Sí","",IF($I70="No implementado",IF(OR($N70="Muy alto",$N70="Alto"),"ALERTA ALTA","ALERTA"),IF(AND($I70="En proceso",OR($N70="Muy alto",$N70="Alto")),"EN PROCESO (riesgo alto)","")))
A71: A.8 | B71: DOM_A8 | C71: Tecnológicos | D71: A.8.11 | E71: Enmascaramiento de datos | F71: Aplica enmascaramiento de datos para reducir exposición, especialmente en entornos no productivos. | G71: • Identificar datos sensibles • definir técnicas de masking • aplicar en copias/QA • controlar acceso a datos sin enmascarar • validar consistencia • documentar excepciones. | H71: =IF($I71="No aplicable","No","Sí") | N71: =IFERROR(VLOOKUP($M71,Riesgos!$A$2:$E$200,5,FALSE),"") | R71: =IF($H71<>"Sí","",IF($I71="No implementado",IF(OR($N71="Muy alto",$N71="Alto"),"ALERTA ALTA","ALERTA"),IF(AND($I71="En proceso",OR($N71="Muy alto",$N71="Alto")),"EN PROCESO (riesgo alto)","")))
A72: A.8 | B72: DOM_A8 | C72: Tecnológicos | D72: A.8.12 | E72: Prevención de fuga de datos (DLP) | F72: Implementa prevención de fuga de datos (DLP) para detectar y bloquear exfiltración por canales comunes. | G72: • Definir políticas DLP por clasificación • habilitar DLP en correo/nube/endpoints • monitorear alertas • ajustar falsos positivos • responder a incidentes • reportar métricas. | H72: =IF($I72="No aplicable","No","Sí") | N72: =IFERROR(VLOOKUP($M72,Riesgos!$A$2:$E$200,5,FALSE),"") | R72: =IF($H72<>"Sí","",IF($I72="No implementado",IF(OR($N72="Muy alto",$N72="Alto"),"ALERTA ALTA","ALERTA"),IF(AND($I72="En proceso",OR($N72="Muy alto",$N72="Alto")),"EN PROCESO (riesgo alto)","")))
A73: A.8 | B73: DOM_A8 | C73: Tecnológicos | D73: A.8.13 | E73: Respaldo (backup) de información | F73: Realiza respaldos de información para asegurar recuperación ante pérdida, corrupción o ransomware. | G73: • Definir alcance y frecuencia • aplicar regla 3-2-1 • cifrar backups • probar restauración • proteger repositorio (inmutable/airgap) • monitorear fallos. | H73: =IF($I73="No aplicable","No","Sí") | N73: =IFERROR(VLOOKUP($M73,Riesgos!$A$2:$E$200,5,FALSE),"") | R73: =IF($H73<>"Sí","",IF($I73="No implementado",IF(OR($N73="Muy alto",$N73="Alto"),"ALERTA ALTA","ALERTA"),IF(AND($I73="En proceso",OR($N73="Muy alto",$N73="Alto")),"EN PROCESO (riesgo alto)","")))
A74: A.8 | B74: DOM_A8 | C74: Tecnológicos | D74: A.8.14 | E74: Redundancia de instalaciones de procesamiento | F74: Provee redundancia de instalaciones y componentes de procesamiento para minimizar indisponibilidad. | G74: • Diseñar alta disponibilidad • implementar redundancia (N+1) • failover • pruebas periódicas • documentar topología • revisar tras cambios. | H74: =IF($I74="No aplicable","No","Sí") | N74: =IFERROR(VLOOKUP($M74,Riesgos!$A$2:$E$200,5,FALSE),"") | R74: =IF($H74<>"Sí","",IF($I74="No implementado",IF(OR($N74="Muy alto",$N74="Alto"),"ALERTA ALTA","ALERTA"),IF(AND($I74="En proceso",OR($N74="Muy alto",$N74="Alto")),"EN PROCESO (riesgo alto)","")))
A75: A.8 | B75: DOM_A8 | C75: Tecnológicos | D75: A.8.15 | E75: Registro (logging) y bitácoras | F75: Registra eventos (logging) relevantes para seguridad y operación, protegiendo logs contra alteración y asegurando retención. | G75: • Definir eventos a registrar • centralizar logs (SIEM) • sincronizar tiempo • proteger integridad • retención según riesgo • revisar y alertar sobre eventos clave. | H75: =IF($I75="No aplicable","No","Sí") | I75: Implementado | J75: Centralización de logs, retención, correlación básica y revisiones periódicas. | K75: SIEM/log server; política de retención; evidencias de revisión. | L75: TI / Seguridad | M75: R-010 | N75: =IFERROR(VLOOKUP($M75,Riesgos!$A$2:$E$200,5,FALSE),"") | O75: 46022 | P75: 46009 | Q75: 1 | R75: =IF($H75<>"Sí","",IF($I75="No implementado",IF(OR($N75="Muy alto",$N75="Alto"),"ALERTA ALTA","ALERTA"),IF(AND($I75="En proceso",OR($N75="Muy alto",$N75="Alto")),"EN PROCESO (riesgo alto)","")))
A76: A.8 | B76: DOM_A8 | C76: Tecnológicos | D76: A.8.16 | E76: Actividades de monitoreo | F76: Monitorea actividades y eventos para detectar anomalías y responder oportunamente. | G76: • Definir casos de uso • monitorear sistemas/red • correlacionar en SIEM • alertas y runbooks • revisar continuamente • medir MTTA/MTTR. | H76: =IF($I76="No aplicable","No","Sí") | N76: =IFERROR(VLOOKUP($M76,Riesgos!$A$2:$E$200,5,FALSE),"") | R76: =IF($H76<>"Sí","",IF($I76="No implementado",IF(OR($N76="Muy alto",$N76="Alto"),"ALERTA ALTA","ALERTA"),IF(AND($I76="En proceso",OR($N76="Muy alto",$N76="Alto")),"EN PROCESO (riesgo alto)","")))
A77: A.8 | B77: DOM_A8 | C77: Tecnológicos | D77: A.8.17 | E77: Sincronización de relojes | F77: Sincroniza relojes de sistemas para asegurar consistencia en registros, auditoría e investigaciones. | G77: • Configurar NTP/PTP • definir fuentes confiables • monitorear desviaciones • aplicar en todos los sistemas críticos • documentar y auditar cumplimiento. | H77: =IF($I77="No aplicable","No","Sí") | N77: =IFERROR(VLOOKUP($M77,Riesgos!$A$2:$E$200,5,FALSE),"") | R77: =IF($H77<>"Sí","",IF($I77="No implementado",IF(OR($N77="Muy alto",$N77="Alto"),"ALERTA ALTA","ALERTA"),IF(AND($I77="En proceso",OR($N77="Muy alto",$N77="Alto")),"EN PROCESO (riesgo alto)","")))
A78: A.8 | B78: DOM_A8 | C78: Tecnológicos | D78: A.8.18 | E78: Uso de utilidades privilegiadas | F78: Controla el uso de utilidades/programas privilegiados que pueden evadir controles o escalar privilegios. | G78: • Inventariar utilidades privilegiadas • restringir instalación/ejecución • aprobar uso • registrar sesiones/comandos • revisar periódicamente • aplicar hardening. | H78: =IF($I78="No aplicable","No","Sí") | N78: =IFERROR(VLOOKUP($M78,Riesgos!$A$2:$E$200,5,FALSE),"") | R78: =IF($H78<>"Sí","",IF($I78="No implementado",IF(OR($N78="Muy alto",$N78="Alto"),"ALERTA ALTA","ALERTA"),IF(AND($I78="En proceso",OR($N78="Muy alto",$N78="Alto")),"EN PROCESO (riesgo alto)","")))
A79: A.8 | B79: DOM_A8 | C79: Tecnológicos | D79: A.8.19 | E79: Instalación de software en sistemas operativos | F79: Controla instalación de software en sistemas operativos para reducir riesgo por software no autorizado o malicioso. | G79: • Definir proceso de aprobación • usar allowlisting • limitar permisos de instalación • gestionar repositorios • revisar inventario • eliminar software no autorizado. | H79: =IF($I79="No aplicable","No","Sí") | N79: =IFERROR(VLOOKUP($M79,Riesgos!$A$2:$E$200,5,FALSE),"") | R79: =IF($H79<>"Sí","",IF($I79="No implementado",IF(OR($N79="Muy alto",$N79="Alto"),"ALERTA ALTA","ALERTA"),IF(AND($I79="En proceso",OR($N79="Muy alto",$N79="Alto")),"EN PROCESO (riesgo alto)","")))
A80: A.8 | B80: DOM_A8 | C80: Tecnológicos | D80: A.8.20 | E80: Seguridad de redes | F80: Asegura redes mediante diseño, controles de borde, segmentación, cifrado y configuración segura. | G80: • Implementar firewalls y reglas • segmentar VLANs • cifrar comunicaciones • hardening de equipos de red • revisar configuraciones • monitorear tráfico y cambios. | H80: =IF($I80="No aplicable","No","Sí") | N80: =IFERROR(VLOOKUP($M80,Riesgos!$A$2:$E$200,5,FALSE),"") | R80: =IF($H80<>"Sí","",IF($I80="No implementado",IF(OR($N80="Muy alto",$N80="Alto"),"ALERTA ALTA","ALERTA"),IF(AND($I80="En proceso",OR($N80="Muy alto",$N80="Alto")),"EN PROCESO (riesgo alto)","")))
A81: A.8 | B81: DOM_A8 | C81: Tecnológicos | D81: A.8.21 | E81: Seguridad de servicios de red | F81: Asegura servicios de red (internos o de terceros) definiendo requisitos y monitoreando cumplimiento. | G81: • Definir requisitos para DNS, DHCP, VPN, WiFi, etc. • acordar SLA con proveedores • monitorear disponibilidad y seguridad • registrar cambios • auditar configuraciones. | H81: =IF($I81="No aplicable","No","Sí") | N81: =IFERROR(VLOOKUP($M81,Riesgos!$A$2:$E$200,5,FALSE),"") | R81: =IF($H81<>"Sí","",IF($I81="No implementado",IF(OR($N81="Muy alto",$N81="Alto"),"ALERTA ALTA","ALERTA"),IF(AND($I81="En proceso",OR($N81="Muy alto",$N81="Alto")),"EN PROCESO (riesgo alto)","")))
A82: A.8 | B82: DOM_A8 | C82: Tecnológicos | D82: A.8.22 | E82: Segregación de redes | F82: Segrega redes para limitar movimientos laterales y separar entornos por nivel de confianza. | G82: • Diseñar zonas (prod, dev, usuarios, invitados) • implementar segmentación (VLAN/VRF) • aplicar ACL y microsegmentación • revisar reglas • probar aislamiento. | H82: =IF($I82="No aplicable","No","Sí") | N82: =IFERROR(VLOOKUP($M82,Riesgos!$A$2:$E$200,5,FALSE),"") | R82: =IF($H82<>"Sí","",IF($I82="No implementado",IF(OR($N82="Muy alto",$N82="Alto"),"ALERTA ALTA","ALERTA"),IF(AND($I82="En proceso",OR($N82="Muy alto",$N82="Alto")),"EN PROCESO (riesgo alto)","")))
A83: A.8 | B83: DOM_A8 | C83: Tecnológicos | D83: A.8.23 | E83: Filtrado web | F83: Aplica filtrado web para reducir acceso a sitios maliciosos y controlar categorías según política. | G83: • Definir categorías permitidas/bloqueadas • desplegar proxy/secure web gateway • aplicar inspección TLS donde aplique • registrar y revisar • manejar excepciones. | H83: =IF($I83="No aplicable","No","Sí") | N83: =IFERROR(VLOOKUP($M83,Riesgos!$A$2:$E$200,5,FALSE),"") | R83: =IF($H83<>"Sí","",IF($I83="No implementado",IF(OR($N83="Muy alto",$N83="Alto"),"ALERTA ALTA","ALERTA"),IF(AND($I83="En proceso",OR($N83="Muy alto",$N83="Alto")),"EN PROCESO (riesgo alto)","")))
A84: A.8 | B84: DOM_A8 | C84: Tecnológicos | D84: A.8.24 | E84: Uso de criptografía | F84: Usa criptografía apropiada para proteger confidencialidad e integridad, con gestión de claves segura. | G84: • Definir política criptográfica • cifrar datos en tránsito y reposo • gestionar claves (HSM/KMS) • rotación y revocación • controlar acceso a llaves • auditar uso. | H84: =IF($I84="No aplicable","No","Sí") | N84: =IFERROR(VLOOKUP($M84,Riesgos!$A$2:$E$200,5,FALSE),"") | R84: =IF($H84<>"Sí","",IF($I84="No implementado",IF(OR($N84="Muy alto",$N84="Alto"),"ALERTA ALTA","ALERTA"),IF(AND($I84="En proceso",OR($N84="Muy alto",$N84="Alto")),"EN PROCESO (riesgo alto)","")))
A85: A.8 | B85: DOM_A8 | C85: Tecnológicos | D85: A.8.25 | E85: Ciclo de vida de desarrollo seguro (SDLC) | F85: Integra seguridad en el ciclo de vida de desarrollo (SSDLC) para prevenir vulnerabilidades desde el diseño. | G85: • Definir SDLC seguro • incorporar threat modeling • requisitos y revisiones • pipelines con SAST/DAST • gestión de dependencias • gates antes de producción. | H85: =IF($I85="No aplicable","No","Sí") | N85: =IFERROR(VLOOKUP($M85,Riesgos!$A$2:$E$200,5,FALSE),"") | R85: =IF($H85<>"Sí","",IF($I85="No implementado",IF(OR($N85="Muy alto",$N85="Alto"),"ALERTA ALTA","ALERTA"),IF(AND($I85="En proceso",OR($N85="Muy alto",$N85="Alto")),"EN PROCESO (riesgo alto)","")))
A86: A.8 | B86: DOM_A8 | C86: Tecnológicos | D86: A.8.26 | E86: Requisitos de seguridad de aplicaciones | F86: Define requisitos de seguridad de aplicaciones (funcionales y no funcionales) basados en riesgos y cumplimiento. | G86: • Levantar requisitos (auth, logging, cifrado) • definir criterios de aceptación • revisar diseño • documentar requisitos por aplicación • validar en pruebas • gestionar cambios. | H86: =IF($I86="No aplicable","No","Sí") | N86: =IFERROR(VLOOKUP($M86,Riesgos!$A$2:$E$200,5,FALSE),"") | R86: =IF($H86<>"Sí","",IF($I86="No implementado",IF(OR($N86="Muy alto",$N86="Alto"),"ALERTA ALTA","ALERTA"),IF(AND($I86="En proceso",OR($N86="Muy alto",$N86="Alto")),"EN PROCESO (riesgo alto)","")))
A87: A.8 | B87: DOM_A8 | C87: Tecnológicos | D87: A.8.27 | E87: Arquitectura e ingeniería de sistemas seguros | F87: Aplica principios de arquitectura e ingeniería segura para sistemas, reduciendo exposición y garantizando controles transversales. | G87: • Definir principios (least privilege, defense-in-depth) • revisar arquitecturas • usar patrones seguros • segmentación y aislamiento • revisiones por pares • registrar decisiones. | H87: =IF($I87="No aplicable","No","Sí") | N87: =IFERROR(VLOOKUP($M87,Riesgos!$A$2:$E$200,5,FALSE),"") | R87: =IF($H87<>"Sí","",IF($I87="No implementado",IF(OR($N87="Muy alto",$N87="Alto"),"ALERTA ALTA","ALERTA"),IF(AND($I87="En proceso",OR($N87="Muy alto",$N87="Alto")),"EN PROCESO (riesgo alto)","")))
... A94: A.8 | B94: DOM_A8 | C94: Tecnológicos | D94: A.8.34 | E94: Protección de sistemas durante pruebas de auditoría | F94: Protege sistemas durante pruebas de auditoría para evitar interrupciones, introducción de vulnerabilidades o exposición de información. | G94: • Planificar pruebas con ventanas • autorizar alcance y herramientas • aplicar controles de seguridad en pruebas • monitorear impactos • registrar resultados • revertir cambios y cerrar hallazgos. | H94: =IF($I94="No aplicable","No","Sí") | N94: =IFERROR(VLOOKUP($M94,Riesgos!$A$2:$E$200,5,FALSE),"") | R94: =IF($H94<>"Sí","",IF($I94="No implementado",IF(OR($N94="Muy alto",$N94="Alto"),"ALERTA ALTA","ALERTA"),IF(AND($I94="En proceso",OR($N94="Muy alto",$N94="Alto")),"EN PROCESO (riesgo alto)","")))

Sheet Riesgos
A1: ID Riesgo | B1: Nombre / breve descripción | C1: Probabilidad (1-5) | D1: Impacto (1-5) | E1: Nivel (texto) | F1: Propietario | G1: Estado | H1: Comentarios
A2: R-001 | B2: Pérdida de disponibilidad por falla de infraestructura | C2: 3 | D2: 4 | E2: Alto | F2: TI | G2: Abierto
A3: R-002 | B3: Fuga de datos por acceso indebido | C3: 3 | D3: 5 | E3: Muy alto | F3: Seguridad | G3: Abierto
A4: R-003 | B4: Malware/ransomware en endpoints | C4: 4 | D4: 4 | E4: Muy alto | F4: TI | G4: Abierto
A5: R-004 | B5: Incumplimiento legal (PII) y sanciones | C5: 2 | D5: 5 | E5: Alto | F5: Legal/DPO | G5: Abierto
A6: R-005 | B6: Proveedor crítico sin controles suficientes | C6: 3 | D6: 4 | E6: Alto | F6: Compras | G6: Abierto
A7: R-006 | B7: Interrupción por desastre físico (incendio/inundación) | C7: 2 | D7: 5 | E7: Alto | F7: Operaciones | G7: Abierto
A8: R-007 | B8: Errores humanos por falta de capacitación | C8: 3 | D8: 3 | E8: Medio | F8: RR.HH. | G8: Abierto
A9: R-008 | B9: Vulnerabilidades sin parchear en sistemas | C9: 4 | D9: 4 | E9: Muy alto | F9: TI | G9: Abierto
A10: R-009 | B10: Cambios no controlados generan incidentes | C10: 3 | D10: 4 | E10: Alto | F10: TI | G10: Abierto
A11: R-010 | B11: Pérdida de evidencias ante un incidente | C11: 2 | D11: 4 | E11: Medio | F11: Seguridad | G11: Abierto

Sheet Listas
A1: Estados | C1: Dominios | F1: Niveles de riesgo | H1: Estados de riesgo
A2: Implementado | C2: A.5 | D2: Organizacionales | E2: DOM_A5 | F2: Muy alto | H2: Abierto
A3: En proceso | C3: A.6 | D3: Personas | E3: DOM_A6 | F3: Alto | H3: En tratamiento
A4: No implementado | C4: A.7 | D4: Físicos | E4: DOM_A7 | F4: Medio | H4: Aceptado
A5: No aplicable | C5: A.8 | D5: Tecnológicos | E5: DOM_A8 | F5: Bajo | H5: Cerrado
F6: Muy bajo

Sheet Dashboard
A1: Dashboard – Controles ISO/IEC 27001:2022
A2: Última actualización (hoy): | B2: =TODAY()
A4: Dominio | B4: Categoría | C4: Total | D4: Aplicables | E4: Implementados | F4: En proceso | G4: No implementados | H4: No aplicables | I4: % Implementado (sobre aplicables) | J4: Alertas (aplicable y no implementado)
A5: A.5 | B5: Organizacionales | C5: =COUNTIF(Controles!$B$2:$B$50,"DOM_A5")+COUNTIF(Controles!$B$51:$B$94,"DOM_A5") | D5: =COUNTIFS(Controles!$B$2:$B$50,"DOM_A5",Controles!$H$2:$H$50,"Sí")+COUNTIFS(Controles!$B$51:$B$94,"DOM_A5",Controles!$H$51:$H$94,"Sí") | E5: =COUNTIFS(Controles!$B$2:$B$50,"DOM_A5",Controles!$I$2:$I$50,"Implementado")+COUNTIFS(Controles!$B$51:$B$94,"DOM_A5",Controles!$I$51:$I$94,"Implementado") | F5: =COUNTIFS(Controles!$B$2:$B$50,"DOM_A5",Controles!$I$2:$I$50,"En proceso")+COUNTIFS(Controles!$B$51:$B$94,"DOM_A5",Controles!$I$51:$I$94,"En proceso") | G5: =COUNTIFS(Controles!$B$2:$B$50,"DOM_A5",Controles!$I$2:$I$50,"No implementado")+COUNTIFS(Controles!$B$51:$B$94,"DOM_A5",Controles!$I$51:$I$94,"No implementado") | H5: =COUNTIFS(Controles!$B$2:$B$50,"DOM_A5",Controles!$I$2:$I$50,"No aplicable")+COUNTIFS(Controles!$B$51:$B$94,"DOM_A5",Controles!$I$51:$I$94,"No aplicable") | I5: =IF(D5=0,0,E5/D5) | J5: =COUNTIFS(Controles!$B$2:$B$50,"DOM_A5",Controles!$R$2:$R$50,"ALERTA")+COUNTIFS(Controles!$B$2:$B$50,"DOM_A5",Controles!$R$2:$R$50,"ALERTA ALTA")+COUNTIFS(Controles!$B$51:$B$94,"DOM_A5",Controles!$R$51:$R$94,"ALERTA")+COUNTIFS(Controles!$B$51:$B$94,"DOM_A5",Controles!$R$51:$R$94,"ALERTA ALTA")
A6: A.6 | B6: Personas | C6: =COUNTIF(Controles!$B$2:$B$50,"DOM_A6")+COUNTIF(Controles!$B$51:$B$94,"DOM_A6") | D6: =COUNTIFS(Controles!$B$2:$B$50,"DOM_A6",Controles!$H$2:$H$50,"Sí")+COUNTIFS(Controles!$B$51:$B$94,"DOM_A6",Controles!$H$51:$H$94,"Sí") | E6: =COUNTIFS(Controles!$B$2:$B$50,"DOM_A6",Controles!$I$2:$I$50,"Implementado")+COUNTIFS(Controles!$B$51:$B$94,"DOM_A6",Controles!$I$51:$I$94,"Implementado") | F6: =COUNTIFS(Controles!$B$2:$B$50,"DOM_A6",Controles!$I$2:$I$50,"En proceso")+COUNTIFS(Controles!$B$51:$B$94,"DOM_A6",Controles!$I$51:$I$94,"En proceso") | G6: =COUNTIFS(Controles!$B$2:$B$50,"DOM_A6",Controles!$I$2:$I$50,"No implementado")+COUNTIFS(Controles!$B$51:$B$94,"DOM_A6",Controles!$I$51:$I$94,"No implementado") | H6: =COUNTIFS(Controles!$B$2:$B$50,"DOM_A6",Controles!$I$2:$I$50,"No aplicable")+COUNTIFS(Controles!$B$51:$B$94,"DOM_A6",Controles!$I$51:$I$94,"No aplicable") | I6: =IF(D6=0,0,E6/D6) | J6: =COUNTIFS(Controles!$B$2:$B$50,"DOM_A6",Controles!$R$2:$R$50,"ALERTA")+COUNTIFS(Controles!$B$2:$B$50,"DOM_A6",Controles!$R$2:$R$50,"ALERTA ALTA")+COUNTIFS(Controles!$B$51:$B$94,"DOM_A6",Controles!$R$51:$R$94,"ALERTA")+COUNTIFS(Controles!$B$51:$B$94,"DOM_A6",Controles!$R$51:$R$94,"ALERTA ALTA")
A7: A.7 | B7: Físicos | C7: =COUNTIF(Controles!$B$2:$B$50,"DOM_A7")+COUNTIF(Controles!$B$51:$B$94,"DOM_A7") | D7: =COUNTIFS(Controles!$B$2:$B$50,"DOM_A7",Controles!$H$2:$H$50,"Sí")+COUNTIFS(Controles!$B$51:$B$94,"DOM_A7",Controles!$H$51:$H$94,"Sí") | E7: =COUNTIFS(Controles!$B$2:$B$50,"DOM_A7",Controles!$I$2:$I$50,"Implementado")+COUNTIFS(Controles!$B$51:$B$94,"DOM_A7",Controles!$I$51:$I$94,"Implementado") | F7: =COUNTIFS(Controles!$B$2:$B$50,"DOM_A7",Controles!$I$2:$I$50,"En proceso")+COUNTIFS(Controles!$B$51:$B$94,"DOM_A7",Controles!$I$51:$I$94,"En proceso") | G7: =COUNTIFS(Controles!$B$2:$B$50,"DOM_A7",Controles!$I$2:$I$50,"No implementado")+COUNTIFS(Controles!$B$51:$B$94,"DOM_A7",Controles!$I$51:$I$94,"No implementado") | H7: =COUNTIFS(Controles!$B$2:$B$50,"DOM_A7",Controles!$I$2:$I$50,"No aplicable")+COUNTIFS(Controles!$B$51:$B$94,"DOM_A7",Controles!$I$51:$I$94,"No aplicable") | I7: =IF(D7=0,0,E7/D7) | J7: =COUNTIFS(Controles!$B$2:$B$50,"DOM_A7",Controles!$R$2:$R$50,"ALERTA")+COUNTIFS(Controles!$B$2:$B$50,"DOM_A7",Controles!$R$2:$R$50,"ALERTA ALTA")+COUNTIFS(Controles!$B$51:$B$94,"DOM_A7",Controles!$R$51:$R$94,"ALERTA")+COUNTIFS(Controles!$B$51:$B$94,"DOM_A7",Controles!$R$51:$R$94,"ALERTA ALTA")
A8: A.8 | B8: Tecnológicos | C8: =COUNTIF(Controles!$B$2:$B$50,"DOM_A8")+COUNTIF(Controles!$B$51:$B$94,"DOM_A8") | D8: =COUNTIFS(Controles!$B$2:$B$50,"DOM_A8",Controles!$H$2:$H$50,"Sí")+COUNTIFS(Controles!$B$51:$B$94,"DOM_A8",Controles!$H$51:$H$94,"Sí") | E8: =COUNTIFS(Controles!$B$2:$B$50,"DOM_A8",Controles!$I$2:$I$50,"Implementado")+COUNTIFS(Controles!$B$51:$B$94,"DOM_A8",Controles!$I$51:$I$94,"Implementado") | F8: =COUNTIFS(Controles!$B$2:$B$50,"DOM_A8",Controles!$I$2:$I$50,"En proceso")+COUNTIFS(Controles!$B$51:$B$94,"DOM_A8",Controles!$I$51:$I$94,"En proceso") | G8: =COUNTIFS(Controles!$B$2:$B$50,"DOM_A8",Controles!$I$2:$I$50,"No implementado")+COUNTIFS(Controles!$B$51:$B$94,"DOM_A8",Controles!$I$51:$I$94,"No implementado") | H8: =COUNTIFS(Controles!$B$2:$B$50,"DOM_A8",Controles!$I$2:$I$50,"No aplicable")+COUNTIFS(Controles!$B$51:$B$94,"DOM_A8",Controles!$I$51:$I$94,"No aplicable") | I8: =IF(D8=0,0,E8/D8) | J8: =COUNTIFS(Controles!$B$2:$B$50,"DOM_A8",Controles!$R$2:$R$50,"ALERTA")+COUNTIFS(Controles!$B$2:$B$50,"DOM_A8",Controles!$R$2:$R$50,"ALERTA ALTA")+COUNTIFS(Controles!$B$51:$B$94,"DOM_A8",Controles!$R$51:$R$94,"ALERTA")+COUNTIFS(Controles!$B$51:$B$94,"DOM_A8",Controles!$R$51:$R$94,"ALERTA ALTA")
A9: TOTAL | C9: =SUM(C5:C8) | D9: =SUM(D5:D8) | E9: =SUM(E5:E8) | F9: =SUM(F5:F8) | G9: =SUM(G5:G8) | H9: =SUM(H5:H8) | I9: =IF(D9=0,0,E9/D9) | J9: =SUM(J5:J8)
